{
    "results": {
        "tool": {
            "name": "pytest",
            "version": "8.4.1"
        },
        "summary": {
            "tests": 2,
            "passed": 2,
            "failed": 0,
            "skipped": 0,
            "pending": 0,
            "other": 0,
            "start": 1784078756.651107,
            "stop": 1784078756.6572158
        },
        "tests": [
            {
                "name": "test_outputs.py::test_report_exists",
                "status": "passed",
                "duration": 0.0004453339999486161,
                "start": 1784078756.65585,
                "stop": 1784078756.6564429,
                "retries": 0,
                "file_path": "test_outputs.py"
            },
            {
                "name": "test_outputs.py::test_report_contains_required_fields",
                "status": "passed",
                "duration": 0.0003857080000102542,
                "start": 1784078756.6565528,
                "stop": 1784078756.6570475,
                "retries": 0,
                "file_path": "test_outputs.py"
            }
        ]
    }
}